,entropy_apprentice,entropy_expert
Glass,1.4059714060671924,0.4445440667097608
Paper,0.18312206830137276,0.74959525725948
Tool,0.14144054254182067,0.5916727785823275
