from_cat,Glass,Paper,Tool
Glass,0.5698529411764706,0.2536764705882353,0.17647058823529413
Paper,0.9722222222222222,0.0,0.027777777777777776
Tool,0.98,0.02,0.0
